{"submission_name": "wellwetried", "score": 6.7804492609323095, "metrics": {"accuracy": {"skin_tone": 0.2723333333333333, "gender": 0.8156666666666667, "age": 0.661}, "disparity": {"skin_tone": 0.21069431626947507, "gender": 0.06476967604700634, "age": 0.2052872683929159}}}
